latitude,longitude,bright_ti4,scan,track,acq_date,acq_time,satellite,confidence,version,bright_ti5,frp,daynight,temp_celsius,fire_type,title,demo_state,demo_data
30.13606,78.5134,330.15,0.45,0.43,2026-09-27,1403,VIIRS-Demo,nominal,Demo-India,303.38,76.18,N,87.29,wildfire,Demo Indian Wildfire,Uttarakhand,True
30.29843,79.75187,331.59,0.51,0.55,2026-09-27,581,VIIRS-Demo,nominal,Demo-India,296.62,51.05,D,93.59,wildfire,Demo Indian Wildfire,Uttarakhand,True
30.39785,78.092,339.64,0.4,0.51,2026-09-27,1733,VIIRS-Demo,high,Demo-India,293.4,45.25,N,92.41,wildfire,Demo Indian Wildfire,Uttarakhand,True
30.69427,78.74605,359.71,0.49,0.73,2026-09-27,1528,VIIRS-Demo,nominal,Demo-India,291.47,63.38,N,88.95,wildfire,Demo Indian Wildfire,Uttarakhand,True
30.86977,79.25352,339.05,0.41,0.56,2026-09-27,2252,VIIRS-Demo,nominal,Demo-India,294.16,87.47,D,87.08,wildfire,Demo Indian Wildfire,Uttarakhand,True
30.68907,78.82698,330.87,0.43,0.66,2026-09-27,641,VIIRS-Demo,nominal,Demo-India,292.89,44.31,N,77.63,wildfire,Demo Indian Wildfire,Uttarakhand,True
31.15437,79.71163,341.15,0.73,0.51,2026-09-27,1988,VIIRS-Demo,high,Demo-India,311.37,58.67,D,80.51,wildfire,Demo Indian Wildfire,Uttarakhand,True
30.6609,78.51561,362.64,0.51,0.54,2026-09-27,500,VIIRS-Demo,high,Demo-India,305.97,51.31,D,77.01,wildfire,Demo Indian Wildfire,Uttarakhand,True
31.02019,78.30801,352.21,0.74,0.39,2026-09-27,1127,VIIRS-Demo,nominal,Demo-India,292.91,48.3,D,73.82,wildfire,Demo Indian Wildfire,Uttarakhand,True
30.06266,80.00793,340.98,0.56,0.66,2026-09-27,1047,VIIRS-Demo,nominal,Demo-India,286.58,44.16,N,90.27,wildfire,Demo Indian Wildfire,Uttarakhand,True
30.88402,78.00497,356.89,0.71,0.58,2026-09-27,1723,VIIRS-Demo,high,Demo-India,295.11,94.83,N,84.66,wildfire,Demo Indian Wildfire,Uttarakhand,True
30.46703,78.70935,337.45,0.48,0.69,2026-09-27,2053,VIIRS-Demo,nominal,Demo-India,290.79,45.99,N,58.8,wildfire,Demo Indian Wildfire,Uttarakhand,True
30.1671,79.94814,361.34,0.49,0.64,2026-09-27,1603,VIIRS-Demo,nominal,Demo-India,285.85,91.51,D,81.76,wildfire,Demo Indian Wildfire,Uttarakhand,True
30.97473,79.20074,345.66,0.61,0.37,2026-09-27,874,VIIRS-Demo,nominal,Demo-India,307.2,75.03,N,91.65,wildfire,Demo Indian Wildfire,Uttarakhand,True
30.69824,79.94346,358.97,0.66,0.36,2026-09-27,683,VIIRS-Demo,nominal,Demo-India,294.26,50.93,N,82.83,wildfire,Demo Indian Wildfire,Uttarakhand,True
30.33317,79.38333,341.43,0.37,0.53,2026-09-27,1327,VIIRS-Demo,nominal,Demo-India,310.77,77.2,N,85.49,wildfire,Demo Indian Wildfire,Uttarakhand,True
30.35283,79.78264,335.27,0.58,0.47,2026-09-27,1948,VIIRS-Demo,high,Demo-India,303.01,60.74,D,64.45,wildfire,Demo Indian Wildfire,Uttarakhand,True
31.05,79.13163,345.99,0.66,0.74,2026-09-27,400,VIIRS-Demo,nominal,Demo-India,310.18,82.53,D,84.25,wildfire,Demo Indian Wildfire,Uttarakhand,True
31.07192,78.9334,354.41,0.35,0.66,2026-09-27,1434,VIIRS-Demo,nominal,Demo-India,308.09,87.28,N,67.9,wildfire,Demo Indian Wildfire,Uttarakhand,True
30.27736,78.89237,351.24,0.75,0.47,2026-09-27,1124,VIIRS-Demo,nominal,Demo-India,309.71,56.33,N,66.04,wildfire,Demo Indian Wildfire,Uttarakhand,True
31.54112,78.32112,351.58,0.7,0.65,2026-09-27,1202,VIIRS-Demo,nominal,Demo-India,295.36,56.09,D,81.07,wildfire,Demo Indian Wildfire,Himachal Pradesh,True
31.50931,77.72168,346.4,0.67,0.74,2026-09-27,79,VIIRS-Demo,high,Demo-India,301.73,48.17,N,65.88,wildfire,Demo Indian Wildfire,Himachal Pradesh,True
30.63642,77.33841,349.54,0.61,0.54,2026-09-27,1579,VIIRS-Demo,nominal,Demo-India,289.52,81.56,N,67.94,wildfire,Demo Indian Wildfire,Himachal Pradesh,True
30.99727,77.44342,349.18,0.47,0.59,2026-09-27,987,VIIRS-Demo,nominal,Demo-India,314.94,80.81,D,77.33,wildfire,Demo Indian Wildfire,Himachal Pradesh,True
31.78953,78.34557,341.86,0.51,0.44,2026-09-27,945,VIIRS-Demo,nominal,Demo-India,300.31,72.86,D,74.34,wildfire,Demo Indian Wildfire,Himachal Pradesh,True
30.91677,78.32776,334.49,0.67,0.48,2026-09-27,2017,VIIRS-Demo,nominal,Demo-India,306.23,84.85,N,72.06,wildfire,Demo Indian Wildfire,Himachal Pradesh,True
31.62495,77.94629,337.32,0.36,0.57,2026-09-27,270,VIIRS-Demo,high,Demo-India,303.54,44.51,D,85.71,wildfire,Demo Indian Wildfire,Himachal Pradesh,True
31.66498,77.61461,350.32,0.72,0.38,2026-09-27,2016,VIIRS-Demo,nominal,Demo-India,292.68,56.44,D,93.69,wildfire,Demo Indian Wildfire,Himachal Pradesh,True
31.21981,76.98747,342.92,0.63,0.63,2026-09-27,372,VIIRS-Demo,nominal,Demo-India,287.43,54.08,D,81.04,wildfire,Demo Indian Wildfire,Himachal Pradesh,True
31.56126,77.62889,358.64,0.37,0.55,2026-09-27,901,VIIRS-Demo,nominal,Demo-India,293.27,61.27,N,93.85,wildfire,Demo Indian Wildfire,Himachal Pradesh,True
30.74586,77.60944,340.75,0.54,0.64,2026-09-27,1253,VIIRS-Demo,high,Demo-India,289.73,57.55,N,64.01,wildfire,Demo Indian Wildfire,Himachal Pradesh,True
32.04899,77.79926,357.27,0.5,0.52,2026-09-27,281,VIIRS-Demo,nominal,Demo-India,297.37,47.93,N,73.67,wildfire,Demo Indian Wildfire,Himachal Pradesh,True
31.59163,76.94177,330.75,0.55,0.49,2026-09-27,1104,VIIRS-Demo,nominal,Demo-India,291.05,47.95,D,66.42,wildfire,Demo Indian Wildfire,Himachal Pradesh,True
31.40219,77.6189,348.59,0.42,0.7,2026-09-27,1961,VIIRS-Demo,nominal,Demo-India,309.32,72.09,N,66.12,wildfire,Demo Indian Wildfire,Himachal Pradesh,True
32.09565,77.11319,338.97,0.41,0.45,2026-09-27,2004,VIIRS-Demo,nominal,Demo-India,292.86,48.64,N,71.67,wildfire,Demo Indian Wildfire,Himachal Pradesh,True
31.47179,78.45316,351.16,0.44,0.55,2026-09-27,145,VIIRS-Demo,high,Demo-India,292.67,87.67,D,69.36,wildfire,Demo Indian Wildfire,Himachal Pradesh,True
21.48452,77.37015,331.87,0.66,0.73,2026-09-27,454,VIIRS-Demo,high,Demo-India,310.58,47.58,D,86.73,wildfire,Demo Indian Wildfire,Madhya Pradesh,True
23.02629,76.93468,353.27,0.39,0.73,2026-09-27,2216,VIIRS-Demo,high,Demo-India,311.76,74.0,N,84.19,wildfire,Demo Indian Wildfire,Madhya Pradesh,True
22.13002,81.56411,363.54,0.39,0.41,2026-09-27,718,VIIRS-Demo,high,Demo-India,308.53,54.02,N,82.22,wildfire,Demo Indian Wildfire,Madhya Pradesh,True
23.06823,79.83694,353.86,0.55,0.46,2026-09-27,1189,VIIRS-Demo,high,Demo-India,302.71,47.73,D,91.92,wildfire,Demo Indian Wildfire,Madhya Pradesh,True
21.87434,79.10401,359.87,0.48,0.66,2026-09-27,1324,VIIRS-Demo,nominal,Demo-India,297.45,53.04,D,86.41,wildfire,Demo Indian Wildfire,Madhya Pradesh,True
23.49611,76.13093,337.99,0.7,0.61,2026-09-27,2032,VIIRS-Demo,high,Demo-India,292.76,57.98,N,86.09,wildfire,Demo Indian Wildfire,Madhya Pradesh,True
21.04616,81.19078,330.52,0.52,0.62,2026-09-27,1106,VIIRS-Demo,nominal,Demo-India,304.93,51.29,D,81.4,wildfire,Demo Indian Wildfire,Madhya Pradesh,True
22.62442,76.86957,337.7,0.51,0.4,2026-09-27,1625,VIIRS-Demo,nominal,Demo-India,304.64,61.44,D,77.06,wildfire,Demo Indian Wildfire,Madhya Pradesh,True
23.17426,81.69097,340.23,0.6,0.52,2026-09-27,1198,VIIRS-Demo,high,Demo-India,297.47,45.62,N,66.51,wildfire,Demo Indian Wildfire,Madhya Pradesh,True
22.05627,78.11749,341.22,0.65,0.71,2026-09-27,1346,VIIRS-Demo,nominal,Demo-India,293.85,46.95,N,88.52,wildfire,Demo Indian Wildfire,Madhya Pradesh,True
21.18113,78.67362,357.34,0.52,0.64,2026-09-27,1525,VIIRS-Demo,nominal,Demo-India,292.89,85.3,D,84.57,wildfire,Demo Indian Wildfire,Madhya Pradesh,True
23.33838,77.30125,357.72,0.64,0.46,2026-09-27,556,VIIRS-Demo,nominal,Demo-India,314.47,74.07,D,76.38,wildfire,Demo Indian Wildfire,Madhya Pradesh,True
23.17,81.02945,338.13,0.38,0.74,2026-09-27,2330,VIIRS-Demo,nominal,Demo-India,290.02,76.64,N,83.72,wildfire,Demo Indian Wildfire,Madhya Pradesh,True
23.67779,79.04355,361.62,0.47,0.65,2026-09-27,700,VIIRS-Demo,nominal,Demo-India,303.42,93.41,D,63.37,wildfire,Demo Indian Wildfire,Madhya Pradesh,True
21.10014,72.63404,336.61,0.6,0.53,2026-09-10,748,N21,nominal,2.0NRT,298.34,36.33,D,63.46,industrial,Industrial Fire,,False
28.7746,71.00861,353.66,0.53,0.5,2026-09-10,750,N21,nominal,2.0NRT,310.18,15.55,D,80.51,industrial,Industrial Fire,,False
21.09986,72.63593,367.0,0.6,0.71,2026-09-11,731,N21,high,2.0NRT,292.5,16.4,D,93.85,industrial,Industrial Fire,,False
21.10254,72.64712,332.28,0.6,0.71,2026-09-11,731,N21,nominal,2.0NRT,291.89,16.69,D,59.13,industrial,Industrial Fire,,False
27.76173,96.05025,367.0,0.49,0.65,2026-09-11,729,N21,high,2.0NRT,291.32,30.46,D,93.85,industrial,Industrial Fire,,False
28.02405,96.64853,329.18,0.53,0.5,2026-09-10,608,N21,nominal,2.0NRT,291.84,6.33,D,56.03,agricultural,Agricultural Fire,,False
8.41569,77.66499,335.52,0.47,0.48,2026-09-10,744,N21,nominal,2.0NRT,302.54,3.43,D,62.37,agricultural,Agricultural Fire,,False
8.43529,77.6227,336.99,0.47,0.48,2026-09-10,744,N21,nominal,2.0NRT,304.43,1.21,D,63.84,agricultural,Agricultural Fire,,False
8.61568,78.09698,336.26,0.44,0.46,2026-09-10,744,N21,nominal,2.0NRT,293.13,4.47,D,63.11,agricultural,Agricultural Fire,,False
8.90687,77.60324,339.94,0.47,0.48,2026-09-10,744,N21,nominal,2.0NRT,306.89,3.33,D,66.79,agricultural,Agricultural Fire,,False
8.90438,77.60378,333.52,0.47,0.48,2026-09-10,744,N21,low,2.0NRT,304.14,4.95,D,60.37,agricultural,Agricultural Fire,,False
8.96667,77.85931,348.35,0.45,0.47,2026-09-10,744,N21,nominal,2.0NRT,309.61,14.16,D,75.2,agricultural,Agricultural Fire,,False
9.2705,78.60549,343.63,0.4,0.44,2026-09-10,744,N21,nominal,2.0NRT,304.06,2.3,D,70.48,agricultural,Agricultural Fire,,False
9.36015,78.76106,339.16,0.39,0.44,2026-09-10,744,N21,nominal,2.0NRT,302.15,1.88,D,66.01,agricultural,Agricultural Fire,,False
9.24767,77.89903,342.41,0.44,0.46,2026-09-10,744,N21,nominal,2.0NRT,308.27,12.1,D,69.26,agricultural,Agricultural Fire,,False
14.50943,77.50732,345.89,0.39,0.44,2026-09-10,746,N21,nominal,2.0NRT,301.31,6.11,D,72.74,agricultural,Agricultural Fire,,False
15.17447,76.8308,341.83,0.41,0.45,2026-09-10,746,N21,nominal,2.0NRT,297.72,3.73,D,68.68,agricultural,Agricultural Fire,,False
17.3086,77.62019,333.06,0.52,0.41,2026-09-10,746,N21,nominal,2.0NRT,285.06,8.89,D,59.91,agricultural,Agricultural Fire,,False
17.30932,77.6216,330.95,0.52,0.41,2026-09-10,746,N21,nominal,2.0NRT,284.98,8.81,D,57.8,agricultural,Agricultural Fire,,False
17.70016,75.35762,335.22,0.46,0.47,2026-09-10,746,N21,nominal,2.0NRT,297.83,3.82,D,62.07,agricultural,Agricultural Fire,,False
18.63248,74.05639,331.15,0.54,0.51,2026-09-10,748,N21,nominal,2.0NRT,291.95,4.94,D,58.0,agricultural,Agricultural Fire,,False
19.92554,79.11815,332.8,0.42,0.37,2026-09-10,748,N21,low,2.0NRT,298.29,8.46,D,59.65,agricultural,Agricultural Fire,,False
22.21438,84.866,333.48,0.51,0.41,2026-09-10,748,N21,nominal,2.0NRT,288.1,5.73,D,60.33,agricultural,Agricultural Fire,,False
22.21149,84.86465,334.91,0.51,0.41,2026-09-10,748,N21,nominal,2.0NRT,289.17,5.09,D,61.76,agricultural,Agricultural Fire,,False
22.7853,86.20583,337.65,0.41,0.45,2026-09-10,748,N21,nominal,2.0NRT,292.54,7.11,D,64.5,agricultural,Agricultural Fire,,False
21.10247,72.64529,342.82,0.6,0.53,2026-09-10,748,N21,nominal,2.0NRT,295.75,9.05,D,69.67,agricultural,Agricultural Fire,,False
21.10725,72.6442,331.63,0.6,0.53,2026-09-10,748,N21,nominal,2.0NRT,298.17,9.05,D,58.48,agricultural,Agricultural Fire,,False
23.68556,86.39387,336.97,0.43,0.46,2026-09-10,748,N21,nominal,2.0NRT,293.54,5.88,D,63.82,agricultural,Agricultural Fire,,False
23.71437,86.45137,333.64,0.43,0.46,2026-09-10,748,N21,nominal,2.0NRT,292.95,6.09,D,60.49,agricultural,Agricultural Fire,,False
23.73816,86.43526,336.08,0.43,0.46,2026-09-10,748,N21,nominal,2.0NRT,293.61,6.49,D,62.93,agricultural,Agricultural Fire,,False
23.77997,86.21016,342.33,0.42,0.45,2026-09-10,748,N21,nominal,2.0NRT,293.47,8.13,D,69.18,agricultural,Agricultural Fire,,False
23.77832,86.21114,335.85,0.42,0.45,2026-09-10,748,N21,nominal,2.0NRT,292.01,8.84,D,62.7,agricultural,Agricultural Fire,,False
23.22823,69.83833,335.21,0.41,0.61,2026-09-10,750,N21,nominal,2.0NRT,298.63,6.36,D,62.06,agricultural,Agricultural Fire,,False
23.22733,69.83443,353.5,0.41,0.61,2026-09-10,750,N21,nominal,2.0NRT,299.98,6.36,D,80.35,agricultural,Agricultural Fire,,False
25.78074,73.69642,330.59,0.42,0.45,2026-09-10,750,N21,low,2.0NRT,304.03,1.44,D,57.44,agricultural,Agricultural Fire,,False
25.56557,72.19657,334.68,0.52,0.5,2026-09-10,750,N21,nominal,2.0NRT,304.27,3.32,D,61.53,agricultural,Agricultural Fire,,False
18.80434,74.2586,310.09,0.41,0.45,2026-09-10,2017,N21,nominal,2.0NRT,289.83,0.77,N,36.94,agricultural,Agricultural Fire,,False
15.3341,76.28777,307.32,0.44,0.38,2026-09-10,2017,N21,nominal,2.0NRT,291.88,1.69,N,34.17,agricultural,Agricultural Fire,,False
15.1776,77.10484,306.7,0.41,0.37,2026-09-10,2017,N21,nominal,2.0NRT,291.49,1.38,N,33.55,agricultural,Agricultural Fire,,False
15.22459,76.76285,317.18,0.42,0.38,2026-09-10,2017,N21,nominal,2.0NRT,293.41,2.43,N,44.03,agricultural,Agricultural Fire,,False
15.17476,77.10052,308.85,0.41,0.37,2026-09-10,2017,N21,nominal,2.0NRT,291.91,1.38,N,35.7,agricultural,Agricultural Fire,,False
15.18192,76.66852,316.12,0.42,0.38,2026-09-10,2017,N21,nominal,2.0NRT,284.73,1.24,N,42.97,agricultural,Agricultural Fire,,False
15.18135,76.67244,302.51,0.42,0.38,2026-09-10,2017,N21,nominal,2.0NRT,285.75,1.24,N,29.36,agricultural,Agricultural Fire,,False
15.18079,76.67635,308.84,0.42,0.38,2026-09-10,2017,N21,nominal,2.0NRT,286.89,1.76,N,35.69,agricultural,Agricultural Fire,,False
15.17677,76.67976,323.76,0.42,0.38,2026-09-10,2017,N21,nominal,2.0NRT,286.41,1.45,N,50.61,agricultural,Agricultural Fire,,False
15.17734,76.67583,308.41,0.42,0.38,2026-09-10,2017,N21,nominal,2.0NRT,286.12,1.45,N,35.26,agricultural,Agricultural Fire,,False
15.1767,76.65572,325.35,0.42,0.38,2026-09-10,2017,N21,nominal,2.0NRT,283.32,4.18,N,52.2,agricultural,Agricultural Fire,,False
15.17614,76.65965,313.93,0.42,0.38,2026-09-10,2017,N21,nominal,2.0NRT,282.92,2.24,N,40.78,agricultural,Agricultural Fire,,False
15.17332,76.67924,311.98,0.42,0.38,2026-09-10,2017,N21,nominal,2.0NRT,285.1,1.45,N,38.83,agricultural,Agricultural Fire,,False
15.17324,76.6552,300.7,0.42,0.38,2026-09-10,2017,N21,nominal,2.0NRT,280.61,0.62,N,27.55,agricultural,Agricultural Fire,,False
1,D
